id,sequence,tag_ids,parent_id/id,code,name,name_gent
a1234-d001,3,Забезпечення,,Упр,управління,
a1234-d002,4,Забезпечення,a1234-d001,,командування,
a1234-d003,11,Забезпечення,a1234-d001,,юридична служба,юридичної служби
a1234-d004,14,Забезпечення,a1234-d001,,служба зв'язків з громадськістю,
a1234-d005,17,Забезпечення,a1234-d001,,штаб,штабу
a1234-d006,21,Забезпечення,a1234-d002,,оперативне відділення,оперативного відділення
a1234-d007,27,Забезпечення,a1234-d001,,командний пункт,командного пункту
a1234-d008,29,Забезпечення,a1234-d007,,відділення бойового управління,відділення бойового управління
a1234-d009,34,Забезпечення,a1234-d007,,відділення поточних бойових дій,відділення поточних бойових дій
a1234-d010,39,Забезпечення,a1234-d007,,відділення напрямків,відділення напрямків
a1234-d011,44,Забезпечення,a1234-d007,,група узагальнення обстановки,групи узагальнення обстановки
a1234-d012,47,Забезпечення,a1234-d005,,розвідувальне відділення,розвідувального відділення
a1234-d013,51,Забезпечення,a1234-d012,,відділення зв'язку та інформаційних систем,відділення зв'язку та інформаційних систем
a1234-d014,58,Забезпечення,a1234-d012,,група кіберзахисту,групи кіберзахисту
a1234-d015,62,Забезпечення,a1234-d005,,відділення персоналу,відділення персоналу
a1234-d016,67,Забезпечення,a1234-d015,,стройова частина,стройової частини
a1234-d017,71,Забезпечення,a1234-d015,,інформаційно-аналітична група,Інформаційно-аналітичної групи
a1234-d018,74,Забезпечення,a1234-d005,,група підготовки,групи підготовки
a1234-d019,77,Забезпечення,a1234-d005,,група цивільно-військового співробітництва,групи цивільно-військового співробітництва
a1234-d020,80,Забезпечення,a1234-d001,,відділення морально-психологічного забезпечення,відділення морально-психологічного забезпечення
a1234-d021,88,Забезпечення,a1234-d005,,відділення артилерії,відділення артилерії
a1234-d022,95,Забезпечення,a1234-d001,,відділення протиповітряної оборони,відділення протиповітряної оборони
a1234-d023,98,Забезпечення,a1234-d001,,відділення підготовки,відділення підготовки
a1234-d024,102,Забезпечення,a1234-d001,,відділення повітрянодесантної підготовки,відділення повітрянодесантної підготовки
a1234-d025,106,Забезпечення,a1234-d001,,служба охорони державної таємниці,служби охорони державної таємниці
a1234-d026,113,Забезпечення,a1234-d025,,група секретного документального забезпечення,групи секретного документального забезпечення
a1234-d027,117,Забезпечення,a1234-d025,,відділення протидії технічним засобам розвідки,відділення протидії технічним засобам розвідки
a1234-d028,123,Забезпечення,a1234-d001,,служби сил підтримки,служби сил підтримки
a1234-d029,130,Забезпечення,a1234-d028,,група безпеки військової служби,групи безпеки військової служби
a1234-d030,133,Забезпечення,a1234-d028,,медична служба,медичної служби
a1234-d031,136,Забезпечення,a1234-d001,,фінансово - економічна служба,фінансово-економічної служби
a1234-d032,150,Забезпечення,a1234-d001,,логістика,логістики
a1234-d033,152,Забезпечення,a1234-d032,,організаційно-планове відділення,організаційно-планового відділення
a1234-d034,158,Забезпечення,a1234-d001,,озброєння,озброєння
a1234-d035,161,Забезпечення,a1234-d034,,служба наземних систем озброєння,служби наземних систем озброєння
a1234-d036,166,Забезпечення,a1234-d034,,служба забезпечення та експлуатації військової техніки,служби забезпечення та експлуатації військової техніки
a1234-d037,171,Забезпечення,a1234-d034,,служба забезпечення засобами ураження,служби забезпечення засобами ураження
a1234-d038,175,Забезпечення,a1234-d034,,служба забезпечення озброєнням та військовою технікою та майном спеціальних військ,служби забезпечення озброєнням та військовою технікою та майном спеціальних військ
a1234-d039,180,Забезпечення,a1234-d034,,служба забезпечення бпак та овт ппо,служби забезпечення бпак та овт ппо
a1234-d040,182,Забезпечення,a1234-d034,,служба забезпечення засобами ближнього бою та приладами розвідки і спостереження,служби забезпечення засобами ближнього бою та приладами розвідки і спостереження
a1234-d041,186,Забезпечення,a1234-d034,,служба повітрянодесантної техніки,служби повітрянодесантної техніки
a1234-d042,190,Забезпечення,a1234-d034,,служба метрології та стандартизації,служби метрології та стандартизації
a1234-d043,192,Забезпечення,a1234-d001,,тил,тилу
a1234-d044,195,Забезпечення,a1234-d043,,продовольча служба,продовольчої служби
a1234-d045,200,Забезпечення,a1234-d043,,служба пально-мастильних матеріалів,служби пально-мастильних матеріалів
a1234-d046,204,Забезпечення,a1234-d043,,речова служба,речової служби
a1234-d047,209,Забезпечення,a1234-d043,,служба інфраструктурного забезпечення,служби інфраструктурного забезпечення
a1234-d049,214,Основний,,1 аемб,1 аеромобільний батальйон,1 аеромобільного батальйону
a1234-d050,220,Основний,a1234-d049,,штаб,штабу
a1234-d051,222,Основний,a1234-d050,,група персоналу,групи персоналу
a1234-d052,225,Основний,a1234-d050,,група розвідки,групи розвідки
a1234-d053,228,Основний,a1234-d050,,група планування,групи планування
a1234-d054,232,Основний,a1234-d050,,група логістики,групи логістики
a1234-d055,236,Основний,a1234-d050,,група зв’язку та інформаційних систем,групи зв’язку та інформаційних систем
a1234-d056,239,Основний,a1234-d050,,група підготовки,групи підготовки
a1234-d057,243,Основний,a1234-d050,,група цивільно-військового співробітництва,групи цивільно-військового співробітництва
a1234-d058,246,Основний,a1234-d050,,група сил підтримки,групи сил підтримки
a1234-d059,249,Основний,a1234-d049,,1 аеромобільна рота,1 аеромобільної роти
a1234-d060,260,Основний,a1234-d059,,1 аеромобільний взвод,1 аеромобільного взводу
a1234-d061,264,Основний,a1234-d060,,1 відділення,1 відділення
a1234-d062,275,Основний,a1234-d060,,2 відділення,2 відділення
a1234-d063,286,Основний,a1234-d060,,3 відділення,3 відділення
a1234-d064,297,Основний,a1234-d060,,4 відділення,4 відділення
a1234-d065,308,Основний,a1234-d059,,2 аеромобільний взвод,2 аеромобільного взводу
a1234-d066,312,Основний,a1234-d065,,1 відділення,1 відділення
a1234-d067,323,Основний,a1234-d065,,2 відділення,2 відділення
a1234-d068,334,Основний,a1234-d065,,3 відділення,3 відділення
a1234-d069,345,Основний,a1234-d065,,4 відділення,4 відділення
a1234-d070,356,Основний,a1234-d059,,3 аеромобільний взвод,3 аеромобільного взводу
a1234-d071,360,Основний,a1234-d070,,1 відділення,1 відділення
a1234-d072,371,Основний,a1234-d070,,2 відділення,2 відділення
a1234-d073,382,Основний,a1234-d070,,3 відділення,3 відділення
a1234-d074,393,Основний,a1234-d070,,4 відділення,4 відділення
a1234-d075,404,Основний,a1234-d059,,взвод вогневої підтримки,взводу вогневої підтримки
a1234-d076,407,Основний,a1234-d075,,1 гранатометне відділення,1 гранатометного відділення
a1234-d077,413,Основний,a1234-d075,,2 гранатометне відділення,2 гранатометного відділення
a1234-d078,419,Основний,a1234-d075,,3 гранатометне відділення,3 гранатометного відділення
a1234-d079,425,Основний,a1234-d075,,протитанкове відділення,протитанкового відділення
a1234-d080,431,Основний,a1234-d049,,2 аеромобільна рота,2 аеромобільної роти
a1234-d081,442,Основний,a1234-d080,,1 аеромобільний взвод,1 аеромобільного взводу
a1234-d082,446,Основний,a1234-d081,,1 відділення,1 відділення
a1234-d083,457,Основний,a1234-d081,,2 відділення,2 відділення
a1234-d084,468,Основний,a1234-d081,,3 відділення,3 відділення
a1234-d085,479,Основний,a1234-d081,,4 відділення,4 відділення
a1234-d086,490,Основний,a1234-d080,,2 аеромобільний взвод,2 аеромобільного взводу
a1234-d087,494,Основний,a1234-d086,,1 відділення,1 відділення
a1234-d088,505,Основний,a1234-d086,,2 відділення,2 відділення
a1234-d089,516,Основний,a1234-d086,,3 відділення,3 відділення
a1234-d090,527,Основний,a1234-d086,,4 відділення,4 відділення
a1234-d091,538,Основний,a1234-d080,,3 аеромобільний взвод,3 аеромобільного взводу
a1234-d092,542,Основний,a1234-d091,,1 відділення,1 відділення
a1234-d093,553,Основний,a1234-d091,,2 відділення,2 відділення
a1234-d094,564,Основний,a1234-d091,,3 відділення,3 відділення
a1234-d095,575,Основний,a1234-d091,,4 відділення,4 відділення
a1234-d096,586,Основний,a1234-d080,,взвод вогневої підтримки,взводу вогневої підтримки
a1234-d097,589,Основний,a1234-d096,,1 гранатометне відділення,1 гранатометного відділення
a1234-d098,595,Основний,a1234-d096,,2 гранатометне відділення,2 гранатометного відділення
a1234-d099,601,Основний,a1234-d096,,3 гранатометне відділення,3 гранатометного відділення
a1234-d100,607,Основний,a1234-d096,,протитанкове відділення,протитанкового відділення
a1234-d101,613,Основний,a1234-d049,,3 аеромобільна рота,3 аеромобільної роти
a1234-d102,624,Основний,a1234-d101,,1 аеромобільний взвод,1 аеромобільного взводу
a1234-d103,628,Основний,a1234-d102,,1 відділення,1 відділення
a1234-d104,639,Основний,a1234-d102,,2 відділення,2 відділення
a1234-d105,650,Основний,a1234-d102,,3 відділення,3 відділення
a1234-d106,661,Основний,a1234-d102,,4 відділення,4 відділення
a1234-d107,672,Основний,a1234-d101,,2 аеромобільний взвод,2 аеромобільного взводу
a1234-d108,676,Основний,a1234-d107,,1 відділення,1 відділення
a1234-d109,687,Основний,a1234-d107,,2 відділення,2 відділення
a1234-d110,698,Основний,a1234-d107,,3 відділення,3 відділення
a1234-d111,709,Основний,a1234-d107,,4 відділення,4 відділення
a1234-d112,720,Основний,a1234-d101,,3 аеромобільний взвод,3 аеромобільного взводу
a1234-d113,724,Основний,a1234-d112,,1 відділення,1 відділення
a1234-d114,735,Основний,a1234-d112,,2 відділення,2 відділення
a1234-d115,746,Основний,a1234-d112,,3 відділення,3 відділення
a1234-d116,757,Основний,a1234-d112,,4 відділення,4 відділення
a1234-d117,768,Основний,a1234-d101,,взвод вогневої підтримки,взводу вогневої підтримки
a1234-d118,771,Основний,a1234-d117,,1 гранатометне відділення,1 гранатометного відділення
a1234-d119,777,Основний,a1234-d117,,2 гранатометне відділення,2 гранатометного відділення
a1234-d120,783,Основний,a1234-d117,,3 гранатометне відділення,3 гранатометного відділення
a1234-d121,789,Основний,a1234-d117,,протитанкове відділення,протитанкового відділення
a1234-d122,795,Основний,a1234-d049,,мінометний взвод,мінометного взводу
a1234-d123,800,Основний,a1234-d122,,1 мінометне відділення,1 мінометного відділення
a1234-d124,805,Основний,a1234-d122,,2 мінометне відділення,2 мінометного відділення
a1234-d125,810,Основний,a1234-d122,,3 мінометне відділення,3 мінометного відділення
a1234-d126,815,Основний,a1234-d122,,4 мінометне відділення,4 мінометного відділення
a1234-d127,820,Основний,a1234-d122,,5 мінометне відділення,5 мінометного відділення
a1234-d128,825,Основний,a1234-d122,,6 мінометне відділення,6 мінометного відділення
a1234-d129,830,Основний,a1234-d049,,1 артилерійська батарея,1 артилерійської батареї
a1234-d130,837,Основний,a1234-d129,,1 артилерійський взвод,1 артилерійського взводу
a1234-d131,839,Основний,a1234-d130,,1 розрахунок,1 розрахунку
a1234-d132,846,Основний,a1234-d130,,2 розрахунок,2 розрахунку
a1234-d133,853,Основний,a1234-d130,,3 розрахунок,3 розрахунку
a1234-d134,860,Основний,a1234-d129,,відділення управління старшого офіцера на батареї,відділення управління старшого офіцера на батареї
a1234-d135,865,Основний,a1234-d129,,2 артилерійський взвод,2 артилерійського взводу
a1234-d136,867,Основний,a1234-d135,,4 розрахунок,4 розрахунку
a1234-d137,874,Основний,a1234-d135,,5 розрахунок,5 розрахунку
a1234-d138,881,Основний,a1234-d135,,6 розрахунок,6 розрахунку
a1234-d139,888,Основний,a1234-d129,,відділення підвозу та перевезень,відділення підвозу та перевезень
a1234-d140,891,Основний,a1234-d129,,відділення управління командира батареї,відділення управління командира батареї
a1234-d141,902,Основний,a1234-d049,,2 артилерійська батарея,2 артилерійської батареї
a1234-d142,909,Основний,a1234-d141,,1 артилерійський взвод,1 артилерійського взводу
a1234-d143,911,Основний,a1234-d142,,1 розрахунок,1 розрахунку
a1234-d144,918,Основний,a1234-d142,,2 розрахунок,2 розрахунку
a1234-d145,925,Основний,a1234-d142,,3 розрахунок,3 розрахунку
a1234-d146,932,Основний,a1234-d141,,відділення управління старшого офіцера на батареї,відділення управління старшого офіцера на батареї
a1234-d147,937,Основний,a1234-d141,,2 артилерійський взвод,2 артилерійського взводу
a1234-d148,939,Основний,a1234-d147,,4 розрахунок,4 розрахунку
a1234-d149,946,Основний,a1234-d147,,5 розрахунок,5 розрахунку
a1234-d150,953,Основний,a1234-d147,,6 розрахунок,6 розрахунку
a1234-d151,960,Основний,a1234-d141,,відділення підвозу та перевезень,відділення підвозу та перевезень
a1234-d152,963,Основний,a1234-d141,,відділення управління командира батареї,відділення управління командира батареї
a1234-d153,974,Основний,a1234-d049,,зенітний ракетний взвод,зенітного ракетного взводу
a1234-d154,976,Основний,a1234-d153,,1 відділення,1 відділення
a1234-d155,981,Основний,a1234-d153,,2 відділення,2 відділення
a1234-d156,986,Основний,a1234-d153,,3 відділення,3 відділення
a1234-d157,991,Основний,a1234-d153,,4 відділення,4 відділення
a1234-d158,996,Основний,a1234-d153,,відділення управління,відділення управління
a1234-d159,1001,Основний,a1234-d049,,розвідувальний взвод,розвідувального взводу
a1234-d160,1007,Основний,a1234-d159,,1 розвідувальне відділення,1 розвідувального відділення
a1234-d161,1017,Основний,a1234-d159,,2 розвідувальне відділення,2 розвідувального відділення
a1234-d162,1027,Основний,a1234-d159,,3 розвідувальне відділення,3 розвідувального відділення
a1234-d163,1037,Основний,a1234-d159,,відділення безпілотних авіаційних комплексів,відділення безпілотних авіаційних комплексів
a1234-d164,1041,Основний,a1234-d049,,інженерно-саперний взвод,інженерно-саперного взводу
a1234-d165,1044,Основний,a1234-d164,,1 відділення,1 відділення
a1234-d166,1051,Основний,a1234-d164,,2 відділення,2 відділення
a1234-d167,1058,Основний,a1234-d049,,взвод зв'язку,взводу зв'язку
a1234-d168,1061,Основний,a1234-d167,,радіостанція,радіостанція
a1234-d169,1066,Основний,a1234-d167,,відділення управління командира батальйону,відділення управління командира батальйону
a1234-d170,1071,Основний,a1234-d167,,лінійно-кабельне відділення зв’язку,лінійно-кабельне відділення зв’язку
a1234-d171,1076,Основний,a1234-d167,,відділення штабних машин,відділення штабних машин
a1234-d172,1080,Основний,a1234-d049,,взвод технічного забезпечення,взводу технічного забезпечення
a1234-d173,1083,Основний,a1234-d172,,відділення технічного обслуговування автомобільної техніки,відділення технічного обслуговування автомобільної техніки
a1234-d174,1090,Основний,a1234-d172,,евакуаційне відділення,евакуаційного відділення
a1234-d175,1097,Основний,a1234-d049,,взвод матеріального забезпечення,взводу матеріального забезпечення
a1234-d176,1100,Основний,a1234-d175,,автомобільне відділення,автомобільного відділення
a1234-d177,1107,Основний,a1234-d175,,автомобільне відділення підвозу пального та мастильних матеріалів,автомобільного відділення підвозу пального та мастильних матеріалів
a1234-d178,1112,Основний,a1234-d175,,господарче відділення,господарчого відділення
a1234-d179,1122,Основний,a1234-d175,,польова лазня,польової лазні
a1234-d180,1128,Основний,a1234-d049,,медичний пункт,медичного пункту
a1234-d181,1141,Основний,,2 аемб,2 аеромобільний батальйон,2 аеромобільного батальйону
a1234-d182,1147,Основний,a1234-d181,,штаб,штабу
a1234-d183,1149,Основний,a1234-d182,,група персоналу,групи персоналу
a1234-d184,1152,Основний,a1234-d182,,група розвідки,групи розвідки
a1234-d185,1155,Основний,a1234-d182,,група планування,групи планування
a1234-d186,1159,Основний,a1234-d182,,група логістики,групи логістики
a1234-d187,1163,Основний,a1234-d182,,група зв’язку та інформаційних систем,групи зв’язку та інформаційних систем
a1234-d188,1166,Основний,a1234-d182,,група підготовки,групи підготовки
a1234-d189,1170,Основний,a1234-d182,,група цивільно-військового співробітництва,групи цивільно-військового співробітництва
a1234-d190,1173,Основний,a1234-d182,,група сил підтримки,групи сил підтримки
a1234-d191,1176,Основний,a1234-d181,,4 аеромобільна рота,4 аеромобільної роти
a1234-d192,1187,Основний,a1234-d191,,1 аеромобільний взвод,1 аеромобільного взводу
a1234-d193,1191,Основний,a1234-d192,,1 відділення,1 відділення
a1234-d194,1202,Основний,a1234-d192,,2 відділення,2 відділення
a1234-d195,1213,Основний,a1234-d192,,3 відділення,3 відділення
a1234-d196,1224,Основний,a1234-d192,,4 відділення,4 відділення
a1234-d197,1235,Основний,a1234-d191,,2 аеромобільний взвод,2 аеромобільного взводу
a1234-d198,1239,Основний,a1234-d197,,1 відділення,1 відділення
a1234-d199,1250,Основний,a1234-d197,,2 відділення,2 відділення
a1234-d200,1261,Основний,a1234-d197,,3 відділення,3 відділення
a1234-d201,1272,Основний,a1234-d197,,4 відділення,4 відділення
a1234-d202,1283,Основний,a1234-d191,,3 аеромобільний взвод,3 аеромобільного взводу
a1234-d203,1287,Основний,a1234-d202,,1 відділення,1 відділення
a1234-d204,1298,Основний,a1234-d202,,2 відділення,2 відділення
a1234-d205,1309,Основний,a1234-d202,,3 відділення,3 відділення
a1234-d206,1320,Основний,a1234-d202,,4 відділення,4 відділення
a1234-d207,1331,Основний,a1234-d191,,взвод вогневої підтримки,взводу вогневої підтримки
a1234-d208,1334,Основний,a1234-d207,,1 гранатометне відділення,1 гранатометного відділення
a1234-d209,1340,Основний,a1234-d207,,2 гранатометне відділення,2 гранатометного відділення
a1234-d210,1346,Основний,a1234-d207,,3 гранатометне відділення,3 гранатометного відділення
a1234-d211,1352,Основний,a1234-d207,,протитанкове відділення,протитанкового відділення
a1234-d212,1358,Основний,a1234-d181,,5 аеромобільна рота,5 аеромобільної роти
a1234-d213,1369,Основний,a1234-d212,,1 аеромобільний взвод,1 аеромобільного взводу
a1234-d214,1373,Основний,a1234-d213,,1 відділення,1 відділення
a1234-d215,1384,Основний,a1234-d213,,2 відділення,2 відділення
a1234-d216,1395,Основний,a1234-d213,,3 відділення,3 відділення
a1234-d217,1406,Основний,a1234-d213,,4 відділення,4 відділення
a1234-d218,1417,Основний,a1234-d212,,2 аеромобільний взвод,2 аеромобільного взводу
a1234-d219,1421,Основний,a1234-d218,,1 відділення,1 відділення
a1234-d220,1432,Основний,a1234-d218,,2 відділення,2 відділення
a1234-d221,1443,Основний,a1234-d218,,3 відділення,3 відділення
a1234-d222,1454,Основний,a1234-d218,,4 відділення,4 відділення
a1234-d223,1465,Основний,a1234-d212,,3 аеромобільний взвод,3 аеромобільного взводу
a1234-d224,1469,Основний,a1234-d223,,1 відділення,1 відділення
a1234-d225,1480,Основний,a1234-d223,,2 відділення,2 відділення
a1234-d226,1491,Основний,a1234-d223,,3 відділення,3 відділення
a1234-d227,1502,Основний,a1234-d223,,4 відділення,4 відділення
a1234-d228,1513,Основний,a1234-d212,,взвод вогневої підтримки,взводу вогневої підтримки
a1234-d229,1516,Основний,a1234-d228,,1 гранатометне відділення,1 гранатометного відділення
a1234-d230,1522,Основний,a1234-d228,,2 гранатометне відділення,2 гранатометного відділення
a1234-d231,1528,Основний,a1234-d228,,3 гранатометне відділення,3 гранатометного відділення
a1234-d232,1534,Основний,a1234-d228,,протитанкове відділення,протитанкового відділення
a1234-d233,1540,Основний,a1234-d181,,6 аеромобільна рота,6 аеромобільної роти
a1234-d234,1551,Основний,a1234-d233,,1 аеромобільний взвод,1 аеромобільного взводу
a1234-d235,1555,Основний,a1234-d234,,1 відділення,1 відділення
a1234-d236,1566,Основний,a1234-d234,,2 відділення,2 відділення
a1234-d237,1577,Основний,a1234-d234,,3 відділення,3 відділення
a1234-d238,1588,Основний,a1234-d234,,4 відділення,4 відділення
a1234-d239,1599,Основний,a1234-d233,,2 аеромобільний взвод,2 аеромобільного взводу
a1234-d240,1603,Основний,a1234-d239,,1 відділення,1 відділення
a1234-d241,1614,Основний,a1234-d239,,2 відділення,2 відділення
a1234-d242,1625,Основний,a1234-d239,,3 відділення,3 відділення
a1234-d243,1636,Основний,a1234-d239,,4 відділення,4 відділення
a1234-d244,1647,Основний,a1234-d233,,3 аеромобільний взвод,3 аеромобільного взводу
a1234-d245,1651,Основний,a1234-d244,,1 відділення,1 відділення
a1234-d246,1662,Основний,a1234-d244,,2 відділення,2 відділення
a1234-d247,1673,Основний,a1234-d244,,3 відділення,3 відділення
a1234-d248,1684,Основний,a1234-d244,,4 відділення,4 відділення
a1234-d249,1695,Основний,a1234-d233,,взвод вогневої підтримки,взводу вогневої підтримки
a1234-d250,1698,Основний,a1234-d249,,1 гранатометне відділення,1 гранатометного відділення
a1234-d251,1704,Основний,a1234-d249,,2 гранатометне відділення,2 гранатометного відділення
a1234-d252,1710,Основний,a1234-d249,,3 гранатометне відділення,3 гранатометного відділення
a1234-d253,1716,Основний,a1234-d249,,протитанкове відділення,протитанкового відділення
a1234-d254,1722,Основний,a1234-d181,,мінометний взвод,мінометного взводу
a1234-d255,1727,Основний,a1234-d254,,1 мінометне відділення,1 мінометного відділення
a1234-d256,1732,Основний,a1234-d254,,2 мінометне відділення,2 мінометного відділення
a1234-d257,1737,Основний,a1234-d254,,3 мінометне відділення,3 мінометного відділення
a1234-d258,1742,Основний,a1234-d254,,4 мінометне відділення,4 мінометного відділення
a1234-d259,1747,Основний,a1234-d254,,5 мінометне відділення,5 мінометного відділення
a1234-d260,1752,Основний,a1234-d254,,6 мінометне відділення,6 мінометного відділення
a1234-d261,1757,Основний,a1234-d181,,артилерійська батарея,артилерійської батареї
a1234-d262,1764,Основний,a1234-d261,,1 артилерійський взвод,1 артилерійського взводу
a1234-d263,1766,Основний,a1234-d262,,1 розрахунок,1 розрахунку
a1234-d264,1773,Основний,a1234-d262,,2 розрахунок,2 розрахунку
a1234-d265,1780,Основний,a1234-d262,,3 розрахунок,3 розрахунку
a1234-d266,1787,Основний,a1234-d262,,відділення управління старшого офіцера на батареї,відділення управління старшого офіцера на батареї
a1234-d267,1792,Основний,a1234-d261,,2 артилерійський взвод,2 артилерійського взводу
a1234-d268,1794,Основний,a1234-d267,,4 розрахунок,4 розрахунку
a1234-d269,1801,Основний,a1234-d267,,5 розрахунок,5 розрахунку
a1234-d270,1808,Основний,a1234-d267,,6 розрахунок,6 розрахунку
a1234-d271,1815,Основний,a1234-d267,,відділення підвозу та перевезень,відділення підвозу та перевезень
a1234-d272,1818,Основний,a1234-d261,,відділення управління командира батареї,відділення управління командира батареї
a1234-d273,1829,Основний,a1234-d181,,зенітний ракетний взвод,зенітного ракетного взводу
a1234-d274,1831,Основний,a1234-d273,,1 відділення,1 відділення
a1234-d275,1836,Основний,a1234-d273,,2 відділення,2 відділення
a1234-d276,1841,Основний,a1234-d273,,3 відділення,3 відділення
a1234-d277,1846,Основний,a1234-d273,,4 відділення,4 відділення
a1234-d278,1851,Основний,a1234-d273,,відділення управління,відділення управління
a1234-d279,1856,Основний,a1234-d181,,розвідувальний взвод,розвідувального взводу
a1234-d280,1862,Основний,a1234-d279,,1 розвідувальне відділення,1 розвідувального відділення
a1234-d281,1872,Основний,a1234-d279,,2 розвідувальне відділення,2 розвідувального відділення
a1234-d282,1882,Основний,a1234-d279,,3 розвідувальне відділення,3 розвідувального відділення
a1234-d283,1892,Основний,a1234-d279,,відділення безпілотних авіаційних комплексів,відділення безпілотних авіаційних комплексів
a1234-d284,1896,Основний,a1234-d181,,інженерно-саперний взвод,інженерно-саперного взводу
a1234-d285,1899,Основний,a1234-d284,,1 відділення,1 відділення
a1234-d286,1906,Основний,a1234-d284,,2 відділення,2 відділення
a1234-d287,1913,Основний,a1234-d181,,взвод зв'язку,взводу зв'язку
a1234-d288,1916,Основний,a1234-d287,,радіостанція,радіостанції
a1234-d289,1921,Основний,a1234-d287,,відділення управління командира батальйону,відділення управління командира батальйону
a1234-d290,1926,Основний,a1234-d287,,лінійно-кабельне відділення зв’язку,лінійно-кабельне відділення зв’язку
a1234-d291,1931,Основний,a1234-d287,,відділення штабних машин,відділення штабних машин
a1234-d292,1935,Основний,a1234-d181,,взвод технічного забезпечення,взводу технічного забезпечення
a1234-d293,1938,Основний,a1234-d292,,відділення технічного обслуговування автомобільної техніки,відділення технічного обслуговування автомобільної техніки
a1234-d294,1945,Основний,a1234-d292,,евакуаційне відділення,евакуаційного відділення
a1234-d295,1952,Основний,a1234-d181,,взвод матеріального забезпечення,взводу матеріального забезпечення
a1234-d296,1955,Основний,a1234-d295,,автомобільне відділення,автомобільного відділення
a1234-d297,1962,Основний,a1234-d295,,автомобільне відділення підвозу пального та мастильних матеріалів,автомобільного відділення підвозу пального та мастильних матеріалів
a1234-d298,1967,Основний,a1234-d295,,господарче відділення,господарчого відділення
a1234-d299,1977,Основний,a1234-d295,,польова лазня,польової лазні
a1234-d300,1983,Основний,a1234-d181,,медичний пункт,медичного пункту
a1234-d301,1996,Основний,,ТР,танкова рота,танкової роти
a1234-d302,2004,Основний,a1234-d301,,1 танковий взвод,1 танкового взводу
a1234-d303,2005,Основний,a1234-d302,,1 екіпаж,1 екіпажу
a1234-d304,2009,Основний,a1234-d302,,2 екіпаж,2 екіпажу
a1234-d305,2013,Основний,a1234-d302,,3 екіпаж,3 екіпажу
a1234-d306,2017,Основний,a1234-d301,,2 танковий взвод,2 танкового взводу
a1234-d307,2018,Основний,a1234-d306,,1 екіпаж,1 екіпажу
a1234-d308,2022,Основний,a1234-d306,,2 екіпаж,2 екіпажу
a1234-d309,2026,Основний,a1234-d306,,3 екіпаж,3 екіпажу
a1234-d310,2030,Основний,a1234-d301,,3 танковий взвод,3 танкового взводу
a1234-d311,2031,Основний,a1234-d310,,1 екіпаж,1 екіпажу
a1234-d312,2035,Основний,a1234-d310,,2 екіпаж,2 екіпажу
a1234-d313,2039,Основний,a1234-d310,,3 екіпаж,3 екіпажу
a1234-d314,2043,Основний,,РС,рота снайперів,роти снайперів
a1234-d315,2051,Основний,a1234-d314,,1 взвод,1 взводу
a1234-d316,2053,Основний,a1234-d315,,1 відділення,1 відділення
a1234-d317,2059,Основний,a1234-d315,,2 відділення,2 відділення
a1234-d318,2064,Основний,a1234-d315,,3 відділення,3 відділення
a1234-d319,2069,Основний,a1234-d314,,2 взвод,2 взводу
a1234-d320,2071,Основний,a1234-d319,,1 відділення,1 відділення
a1234-d321,2077,Основний,a1234-d319,,2 відділення,2 відділення
a1234-d322,2082,Основний,a1234-d319,,3 відділення,3 відділення
a1234-d323,2087,Основний,a1234-d314,,3 взвод,3 взводу
a1234-d324,2089,Основний,a1234-d323,,1 відділення,1 відділення
a1234-d325,2095,Основний,a1234-d323,,2 відділення,2 відділення
a1234-d326,2100,Основний,a1234-d323,,3 відділення,3 відділення
a1234-d327,2105,Основний,,САДн,самохідний артилерійський дивізіон,самохідного артилерійського дивізіону
a1234-d328,2110,Основний,a1234-d327,,штаб,штабу
a1234-d329,2112,Основний,a1234-d328,,група персоналу,групи персоналу
a1234-d330,2115,Основний,a1234-d328,,група розвідки,групи розвідки
a1234-d331,2118,Основний,a1234-d328,,група планування,групи планування
a1234-d332,2121,Основний,a1234-d328,,група логістики,групи логістики
a1234-d333,2124,Основний,a1234-d327,,1 самохідна артилерійська батарея,1 самохідної артилерійської батареї
a1234-d334,2132,Основний,a1234-d333,,1 самохідний артилерійський взвод,1 самохідного артилерійського взводу
a1234-d335,2134,Основний,a1234-d334,,1 розрахунок,1 розрахунку
a1234-d336,2140,Основний,a1234-d334,,2 розрахунок,2 розрахунку
a1234-d337,2146,Основний,a1234-d334,,3 розрахунок,3 розрахунку
a1234-d338,2152,Основний,a1234-d334,,відділення управління старшого офіцера на батареї,відділення управління старшого офіцера на батареї
a1234-d339,2158,Основний,a1234-d333,,2 самохідний артилерійський взвод,2 самохідного артилерійського взводу
a1234-d340,2160,Основний,a1234-d339,,4 розрахунок,4 розрахунку
a1234-d341,2166,Основний,a1234-d339,,5 розрахунок,5 розрахунку
a1234-d342,2172,Основний,a1234-d339,,6 розрахунок,6 розрахунку
a1234-d343,2178,Основний,a1234-d339,,відділення підвозу та перевезень,відділення підвозу та перевезень
a1234-d344,2182,Основний,a1234-d333,,відділення управління командира батареї,відділення управління командира батареї
a1234-d345,2192,Основний,a1234-d327,,2 самохідна артилерійська батарея,2 самохідної артилерійської батареї
a1234-d346,2200,Основний,a1234-d345,,1 самохідний артилерійський взвод,1 самохідного артилерійського взводу
a1234-d347,2202,Основний,a1234-d346,,1 розрахунок,1 розрахунку
a1234-d348,2208,Основний,a1234-d346,,2 розрахунок,2 розрахунку
a1234-d349,2214,Основний,a1234-d346,,3 розрахунок,3 розрахунку
a1234-d350,2220,Основний,a1234-d346,,відділення управління старшого офіцера на батареї,відділення управління старшого офіцера на батареї
a1234-d351,2226,Основний,a1234-d345,,2 самохідний артилерійський взвод,2 самохідного артилерійського взводу
a1234-d352,2228,Основний,a1234-d351,,4 розрахунок,4 розрахунку
a1234-d353,2234,Основний,a1234-d351,,5 розрахунок,5 розрахунку
a1234-d354,2240,Основний,a1234-d351,,6 розрахунок,6 розрахунку
a1234-d355,2246,Основний,a1234-d351,,відділення підвозу та перевезень,відділення підвозу та перевезень
a1234-d356,2250,Основний,a1234-d345,,відділення управління командира батареї,відділення управління командира батареї
a1234-d357,2260,Основний,a1234-d327,,3 самохідна артилерійська батарея,3 самохідної артилерійської батареї
a1234-d358,2268,Основний,a1234-d357,,1 самохідний артилерійський взвод,1 самохідного артилерійського взводу
a1234-d359,2270,Основний,a1234-d358,,1 розрахунок,1 розрахунку
a1234-d360,2276,Основний,a1234-d358,,2 розрахунок,2 розрахунку
a1234-d361,2282,Основний,a1234-d358,,3 розрахунок,3 розрахунку
a1234-d362,2288,Основний,a1234-d358,,відділення управління старшого офіцера на батареї,відділення управління старшого офіцера на батареї
a1234-d363,2294,Основний,a1234-d357,,2 самохідний артилерійський взвод,2 самохідного артилерійського взводу
a1234-d364,2296,Основний,a1234-d358,,4 розрахунок,4 розрахунку
a1234-d365,2302,Основний,a1234-d358,,5 розрахунок,5 розрахунку
a1234-d366,2308,Основний,a1234-d358,,6 розрахунок,6 розрахунку
a1234-d367,2314,Основний,a1234-d358,,відділення підвозу та перевезень,відділення підвозу та перевезень
a1234-d368,2318,Основний,a1234-d357,,відділення управління командира батареї,відділення управління командира батареї
a1234-d369,2328,Основний,a1234-d327,,взвод управління командира дивізіону,взводу управління командира дивізіону
a1234-d370,2330,Основний,a1234-d369,,відділення управління командира дивізіону,відділення управління командира дивізіону
a1234-d371,2337,Основний,a1234-d369,,відділення управління штабу дивізіону,відділення управління штабу дивізіону
a1234-d372,2345,Основний,a1234-d369,,радіолокаційне відділення,радіолокаційного відділення
a1234-d373,2350,Основний,a1234-d369,,відділення безпілотних авіаційних комплексів,відділення безпілотних авіаційних комплексів
a1234-d374,2355,Основний,a1234-d327,,взвод матеріально-технічного забезпечення,взводу матеріально-технічного забезпечення
a1234-d375,2358,Основний,a1234-d374,,відділення технічного обслуговування автомобільної техніки,відділення технічного обслуговування автомобільної техніки
a1234-d376,2365,Основний,a1234-d374,,відділення технічного обслуговування,відділення технічного обслуговування
a1234-d377,2370,Основний,a1234-d374,,евакуаційне відділення,евакуаційного відділення
a1234-d378,2375,Основний,a1234-d374,,автомобільне відділення підвозу боєприпасів,автомобільного відділення підвозу боєприпасів
a1234-d379,2383,Основний,a1234-d374,,автомобільне відділення підвозу пального та мастильних матеріалів,автомобільного відділення підвозу пального та мастильних матеріалів
a1234-d380,2388,Основний,a1234-d374,,господарче відділення,господарчого відділення
a1234-d381,2396,Основний,a1234-d374,,польова лазня,польової лазні
a1234-d382,2402,Основний,a1234-d327,,медичний пункт,медичного пункту
a1234-d383,2409,Основний,,АДн,артилерійський дивізіон,артилерійського дивізіону
a1234-d384,2414,Основний,a1234-d383,,штаб,штабу
a1234-d385,2416,Основний,a1234-d384,,група персоналу,групи персоналу
a1234-d386,2419,Основний,a1234-d384,,група розвідки,групи розвідки
a1234-d387,2422,Основний,a1234-d384,,група планування,групи планування
a1234-d388,2425,Основний,a1234-d384,,група логістики,групи логістики
a1234-d389,2428,Основний,a1234-d383,,1 артилерійська батарея,1 артилерійської батареї
a1234-d390,2436,Основний,a1234-d389,,1 артилерійський взвод,1 артилерійського взводу
a1234-d391,2438,Основний,a1234-d390,,1 розрахунок,1 розрахунку
a1234-d392,2445,Основний,a1234-d390,,2 розрахунок,2 розрахунку
a1234-d393,2452,Основний,a1234-d390,,3 розрахунок,3 розрахунку
a1234-d394,2459,Основний,a1234-d390,,відділення управління старшого офіцера на батареї,відділення управління старшого офіцера на батареї
a1234-d395,2465,Основний,a1234-d389,,2 артилерійський взвод,2 артилерійського взводу
a1234-d396,2467,Основний,a1234-d395,,4 розрахунок,4 розрахунку
a1234-d397,2474,Основний,a1234-d395,,5 розрахунок,5 розрахунку
a1234-d398,2481,Основний,a1234-d395,,6 розрахунок,6 розрахунку
a1234-d399,2488,Основний,a1234-d395,,відділення підвозу та перевезень,відділення підвозу та перевезень
a1234-d400,2493,Основний,a1234-d389,,відділення управління командира батареї,відділення управління командира батареї
a1234-d401,2502,Основний,a1234-d383,,2 артилерійська батарея,2 артилерійської батареї
a1234-d402,2510,Основний,a1234-d401,,1 артилерійський взвод,1 артилерійського взводу
a1234-d403,2512,Основний,a1234-d402,,1 розрахунок,1 розрахунку
a1234-d404,2519,Основний,a1234-d402,,2 розрахунок,2 розрахунку
a1234-d405,2526,Основний,a1234-d402,,3 розрахунок,3 розрахунку
a1234-d406,2533,Основний,a1234-d402,,відділення управління старшого офіцера на батареї,відділення управління старшого офіцера на батареї
a1234-d407,2539,Основний,a1234-d401,,2 артилерійський взвод,2 артилерійського взводу
a1234-d408,2541,Основний,a1234-d407,,4 розрахунок,4 розрахунку
a1234-d409,2548,Основний,a1234-d407,,5 розрахунок,5 розрахунку
a1234-d410,2555,Основний,a1234-d407,,6 розрахунок,6 розрахунку
a1234-d411,2562,Основний,a1234-d407,,відділення підвозу та перевезень,відділення підвозу та перевезень
a1234-d412,2567,Основний,a1234-d401,,відділення управління командира батареї,відділення управління командира батареї
a1234-d413,2576,Основний,a1234-d383,,3 артилерійська батарея,3 артилерійської батареї
a1234-d414,2584,Основний,a1234-d413,,1 артилерійський взвод,1 артилерійського взводу
a1234-d415,2586,Основний,a1234-d414,,1 розрахунок,1 розрахунку
a1234-d416,2593,Основний,a1234-d414,,2 розрахунок,2 розрахунку
a1234-d417,2600,Основний,a1234-d414,,3 розрахунок,3 розрахунку
a1234-d418,2607,Основний,a1234-d414,,відділення управління старшого офіцера на батареї,відділення управління старшого офіцера на батареї
a1234-d419,2613,Основний,a1234-d413,,2 артилерійський взвод,2 артилерійського взводу
a1234-d420,2615,Основний,a1234-d419,,4 розрахунок,4 розрахунку
a1234-d421,2622,Основний,a1234-d419,,5 розрахунок,5 розрахунку
a1234-d422,2629,Основний,a1234-d419,,6 розрахунок,6 розрахунку
a1234-d423,2636,Основний,a1234-d419,,відділення підвозу та перевезень,відділення підвозу та перевезень
a1234-d424,2641,Основний,a1234-d413,,відділення управління командира батареї,відділення управління командира батареї
a1234-d425,2650,Основний,a1234-d383,,взвод управління командира дивізіону,взводу управління командира дивізіону
a1234-d426,2652,Основний,a1234-d425,,відділення управління командира дивізіону,відділення управління командира дивізіону
a1234-d427,2658,Основний,a1234-d425,,відділення управління штабу дивізіону,відділення управління штабу дивізіону
a1234-d428,2665,Основний,a1234-d425,,радіолокаційне відділення,радіолокаційного відділення
a1234-d429,2670,Основний,a1234-d425,,відділення безпілотних авіаційних комплексів,відділення безпілотних авіаційних комплексів
a1234-d430,2675,Основний,a1234-d383,,взвод матеріально-технічного забезпечення,взводу матеріально-технічного забезпечення
a1234-d431,2678,Основний,a1234-d430,,майстерня технічного обслуговування автомобільної техніки,майстерні технічного обслуговування автомобільної техніки
a1234-d432,2684,Основний,a1234-d430,,відділення технічного обслуговування озброєння і техніки,відділення технічного обслуговування озброєння і техніки
a1234-d433,2690,Основний,a1234-d430,,автомобільне відділення підвозу боєприпасів,автомобільного відділення підвозу боєприпасів
a1234-d434,2699,Основний,a1234-d430,,автомобільне відділення підвозу пального та мастильних матеріалів,автомобільного відділення підвозу пального та мастильних матеріалів
a1234-d435,2705,Основний,a1234-d430,,господарче відділення,господарчого відділення
a1234-d436,2714,Основний,a1234-d430,,польова лазня,польової лазні
a1234-d437,2720,Основний,a1234-d383,,медичний пункт,медичного пункту
a1234-d438,2727,Основний,,РЕАДн,реактивний артилерійський дивізіон,реактивного артилерійського дивізіону
a1234-d439,2732,Основний,a1234-d438,,штаб,штабу
a1234-d440,2734,Основний,a1234-d439,,група персоналу,групи персоналу
a1234-d441,2737,Основний,a1234-d439,,група розвідки,групи розвідки
a1234-d442,2740,Основний,a1234-d439,,група планування,групи планування
a1234-d443,2743,Основний,a1234-d439,,група логістики,групи логістики
a1234-d444,2746,Основний,a1234-d438,,1 реактивна артилерійська батарея,1 реактивної артилерійської батареї
a1234-d445,2754,Основний,a1234-d444,,1 реактивний артилерійський взвод,1 реактивного артилерійського взводу
a1234-d446,2756,Основний,a1234-d445,,1 розрахунок,1 розрахунку
a1234-d447,2762,Основний,a1234-d445,,2 розрахунок,2 розрахунку
a1234-d448,2768,Основний,a1234-d445,,3 розрахунок,3 розрахунку
a1234-d449,2774,Основний,a1234-d445,,відділення заряджання,відділення заряджання
a1234-d450,2779,Основний,a1234-d445,,відділення старшого офіцера на батареї,відділення старшого офіцера на батареї
a1234-d451,2784,Основний,a1234-d444,,2 реактивний артилерійський взвод,2 реактивного артилерійського взводу
a1234-d452,2786,Основний,a1234-d451,,1 розрахунок,1 розрахунку
a1234-d453,2792,Основний,a1234-d451,,2 розрахунок,2 розрахунку
a1234-d454,2798,Основний,a1234-d451,,3 розрахунок,3 розрахунку
a1234-d455,2804,Основний,a1234-d451,,відділення заряджання,відділення заряджання
a1234-d456,2808,Основний,a1234-d444,,відділення управління командира батареї,відділення управління командира батареї
a1234-d457,2817,Основний,a1234-d438,,2 реактивна артилерійська батарея,2 реактивної артилерійської батареї
a1234-d458,2825,Основний,a1234-d457,,1 реактивний артилерійський взвод,1 реактивного артилерійського взводу
a1234-d459,2827,Основний,a1234-d458,,1 розрахунок,1 розрахунку
a1234-d460,2833,Основний,a1234-d458,,2 розрахунок,2 розрахунку
a1234-d461,2839,Основний,a1234-d458,,3 розрахунок,3 розрахунку
a1234-d462,2845,Основний,a1234-d458,,відділення заряджання,відділення заряджання
a1234-d463,2850,Основний,a1234-d458,,відділення старшого офіцера на батареї,відділення старшого офіцера на батареї
a1234-d464,2855,Основний,a1234-d457,,2 реактивний артилерійський взвод,2 реактивного артилерійського взводу
a1234-d465,2857,Основний,a1234-d464,,1 розрахунок,1 розрахунку
a1234-d466,2863,Основний,a1234-d464,,2 розрахунок,2 розрахунку
a1234-d467,2869,Основний,a1234-d464,,3 розрахунок,3 розрахунку
a1234-d468,2875,Основний,a1234-d464,,відділення заряджання,відділення заряджання
a1234-d469,2879,Основний,a1234-d457,,відділення управління командира батареї,відділення управління командира батареї
a1234-d470,2888,Основний,a1234-d438,,3 реактивна артилерійська батарея,3 реактивної артилерійської батареї
a1234-d471,2896,Основний,a1234-d470,,1 реактивний артилерійський взвод,1 реактивного артилерійського взводу
a1234-d472,2898,Основний,a1234-d471,,1 розрахунок,1 розрахунку
a1234-d473,2904,Основний,a1234-d471,,2 розрахунок,2 розрахунку
a1234-d474,2910,Основний,a1234-d471,,3 розрахунок,3 розрахунку
a1234-d475,2916,Основний,a1234-d471,,відділення заряджання,відділення заряджання
a1234-d476,2921,Основний,a1234-d471,,відділення старшого офіцера на батареї,відділення старшого офіцера на батареї
a1234-d477,2926,Основний,a1234-d470,,2 реактивний артилерійський взвод,2 реактивного артилерійського взводу
a1234-d478,2928,Основний,a1234-d477,,1 розрахунок,1 розрахунку
a1234-d479,2934,Основний,a1234-d477,,2 розрахунок,2 розрахунку
a1234-d480,2940,Основний,a1234-d477,,3 розрахунок,3 розрахунку
a1234-d481,2946,Основний,a1234-d477,,відділення заряджання,відділення заряджання
a1234-d482,2950,Основний,a1234-d470,,відділення управління командира батареї,відділення управління командира батареї
a1234-d483,2959,Основний,a1234-d438,,взвод управління командира дивізіону,взводу управління командира дивізіону
a1234-d484,2961,Основний,a1234-d483,,відділення управління командира дивізіону,відділення управління командира дивізіону
a1234-d485,2967,Основний,a1234-d483,,відділення управління штабу дивізіону,відділення управління штабу дивізіону
a1234-d486,2974,Основний,a1234-d483,,радіолокаційне відділення,радіолокаційного відділення
a1234-d487,2979,Основний,a1234-d483,,відділення безпілотних авіаційних комплексів,відділення безпілотних авіаційних комплексів
a1234-d488,2984,Основний,a1234-d438,,взвод матеріально-технічного забезпечення,взводу матеріально-технічного забезпечення
a1234-d489,2987,Основний,a1234-d488,,майстерня технічного обслуговування автомобільної техніки,майстерні технічного обслуговування автомобільної техніки
a1234-d490,2993,Основний,a1234-d488,,відділення технічного обслуговування озброєння і техніки,відділення технічного обслуговування озброєння і техніки
a1234-d491,2999,Основний,a1234-d488,,1 автомобільне відділення підвозу боєприпасів,1 автомобільного відділення підвозу боєприпасів
a1234-d492,3006,Основний,a1234-d488,,2 автомобільне відділення підвозу боєприпасів,2 автомобільного відділення підвозу боєприпасів
a1234-d493,3013,Основний,a1234-d488,,3 автомобільне відділення підвозу боєприпасів,3 автомобільного відділення підвозу боєприпасів
a1234-d494,3020,Основний,a1234-d488,,автомобільне відділення підвозу пального та мастильних матеріалів,автомобільного відділення підвозу пального та мастильних матеріалів
a1234-d495,3026,Основний,a1234-d488,,господарче відділення,господарчого відділення
a1234-d496,3034,Основний,a1234-d488,,польова лазня,польової лазні
a1234-d497,3040,Основний,a1234-d438,,медичний пункт,медичного пункту
a1234-d498,3047,Основний,,ПТР,протитанкова рота,протитанкової роти
a1234-d499,3059,Основний,a1234-d498,,1 протитанковий взвод,1 протитанкового взводу
a1234-d500,3061,Основний,a1234-d499,,1 відділення,1 відділення
a1234-d501,3069,Основний,a1234-d499,,2 відділення,2 відділення
a1234-d502,3077,Основний,a1234-d499,,3 відділення,3 відділення
a1234-d503,3085,Основний,a1234-d498,,2 протитанковий взвод,2 протитанкового взводу
a1234-d504,3087,Основний,a1234-d503,,1 відділення,1 відділення
a1234-d505,3095,Основний,a1234-d503,,2 відділення,2 відділення
a1234-d506,3103,Основний,a1234-d503,,3 відділення,3 відділення
a1234-d507,3111,Основний,,ЗРАБ,зенітна ракетно-артилерійська батарея,зенітної ракетно-артилерійської батареї
a1234-d508,3119,Основний,a1234-d507,,1 зенітний ракетний взвод,1 зенітного ракетного взводу
a1234-d509,3121,Основний,a1234-d508,,1 відділення,1 відділення
a1234-d510,3126,Основний,a1234-d508,,2 відділення,2 відділення
a1234-d511,3131,Основний,a1234-d508,,3 відділення,3 відділення
a1234-d512,3136,Основний,a1234-d507,,2 зенітний ракетний взвод,2 зенітного ракетного взводу
a1234-d513,3138,Основний,a1234-d512,,1 відділення,1 відділення
a1234-d514,3143,Основний,a1234-d512,,2 відділення,2 відділення
a1234-d515,3148,Основний,a1234-d512,,3 відділення,3 відділення
a1234-d516,3153,Основний,a1234-d507,,3 зенітний ракетний взвод,3 зенітного ракетного взводу
a1234-d517,3155,Основний,a1234-d516,,1 відділення,1 відділення
a1234-d518,3160,Основний,a1234-d516,,2 відділення,2 відділення
a1234-d519,3165,Основний,a1234-d516,,3 відділення,3 відділення
a1234-d520,3170,Основний,a1234-d507,,зенітний артилерійський взвод,зенітного артилерійського взводу
a1234-d521,3172,Основний,a1234-d520,,1 обслуга,1 обслуги
a1234-d522,3181,Основний,a1234-d520,,2 обслуга,2 обслуги
a1234-d523,3188,Основний,a1234-d520,,3 обслуга,3 обслуги
a1234-d524,3195,Основний,a1234-d520,,4 обслуга,4 обслуги
a1234-d525,3202,Основний,a1234-d507,,відділення управління командира батареї,відділення управління командира батареї
a1234-d527,3208,Забезпечення,,РР,розвідувальна рота,розвідувальної роти
a1234-d528,3220,Забезпечення,a1234-d527,,відділення управління,відділення управління
a1234-d529,3226,Забезпечення,a1234-d527,,1 розвідувальний взвод,1 розвідувального взводу
a1234-d530,3228,Забезпечення,a1234-d529,,1 відділення,1 відділення
a1234-d531,3239,Забезпечення,a1234-d529,,2 відділення,2 відділення
a1234-d532,3248,Забезпечення,a1234-d529,,3 відділення,3 відділення
a1234-d533,3258,Забезпечення,a1234-d527,,2 розвідувальний взвод,2 розвідувального взводу
a1234-d534,3260,Забезпечення,a1234-d533,,1 відділення,1 відділення
a1234-d535,3271,Забезпечення,a1234-d533,,2 відділення,2 відділення
a1234-d536,3280,Забезпечення,a1234-d533,,3 відділення,3 відділення
a1234-d537,3290,Забезпечення,a1234-d527,,взвод безпілотних авіаційних комплексів,взводу безпілотних авіаційних комплексів
a1234-d538,3292,Забезпечення,a1234-d537,,1 відділення,1 відділення
a1234-d539,3297,Забезпечення,a1234-d537,,2 відділення,2 відділення
a1234-d540,3302,Забезпечення,a1234-d537,,3 відділення,3 відділення
a1234-d541,3307,Забезпечення,,ІСР,інженерно-саперна рота,інженерно-саперної роти
a1234-d542,3316,Забезпечення,a1234-d541,,інженерно-саперний взвод,інженерно-саперного взводу
a1234-d543,3318,Забезпечення,a1234-d542,,1 відділення,1 відділення
a1234-d544,3325,Забезпечення,a1234-d542,,2 відділення,2 відділення
a1234-d545,3332,Забезпечення,a1234-d542,,3 відділення,3 відділення
a1234-d546,3339,Забезпечення,a1234-d541,,інженерно-позиційний взвод,Інженерно-позиційного взводу
a1234-d547,3341,Забезпечення,a1234-d546,,інженерно-позиційне відділення,інженерно-позиційного відділення
a1234-d548,3352,Забезпечення,a1234-d546,,1 відділення інженерної техніки,1 відділення інженерної техніки
a1234-d549,3357,Забезпечення,a1234-d546,,2 відділення інженерної техніки,2 відділення інженерної техніки
a1234-d550,3363,Забезпечення,a1234-d546,,3 відділення інженерної техніки,3 відділення інженерної техніки
a1234-d551,3369,Забезпечення,a1234-d541,,транспортне відділення,транспортне відділення
a1234-d552,3375,Забезпечення,a1234-d541,,ремонтна майстерня,ремонтної майстерні
a1234-d553,3382,Забезпечення,,БУпр,батальйон управління,батальйону управління
a1234-d554,3390,Забезпечення,a1234-d553,,штаб,штабу
a1234-d555,3393,Забезпечення,a1234-d553,,рота зв'язку,роти зв'язку
a1234-d556,3401,Забезпечення,a1234-d555,,1 взвод зв'язку,1 взводу зв'язку
a1234-d557,3403,Забезпечення,a1234-d556,,апаратна,апаратна
a1234-d558,3411,Забезпечення,a1234-d556,,радіостанція,радіостанції
a1234-d559,3416,Забезпечення,a1234-d556,,відділення засобів радіозв’язку,відділення засобів радіозв’язку
a1234-d560,3422,Забезпечення,a1234-d555,,2 взвод зв'язку,2 взводу зв'язку
a1234-d561,3424,Забезпечення,a1234-d560,,апаратна,апаратна
a1234-d562,3432,Забезпечення,a1234-d560,,радіостанція,радіостанції
a1234-d563,3437,Забезпечення,a1234-d560,,відділення засобів радіозв’язку,відділення засобів радіозв’язку
a1234-d564,3443,Забезпечення,a1234-d555,,рухомий взвод зв'язку,рухомого взводу зв'язку
a1234-d565,3445,Забезпечення,a1234-d564,,1 відділення зв’язку,1 відділення зв’язку
a1234-d566,3451,Забезпечення,a1234-d564,,2 відділення зв’язку,2 відділення зв’язку
a1234-d567,3457,Забезпечення,a1234-d553,,рота управління,роти управління
a1234-d568,3465,Забезпечення,a1234-d567,,взвод штабних машин,взводу штабних машин
a1234-d569,3467,Забезпечення,a1234-d568,,1 відділення,1 відділення
a1234-d570,3473,Забезпечення,a1234-d568,,2 відділення,2 відділення
a1234-d571,3479,Забезпечення,a1234-d567,,1 взвод охорони,1 взводу охорони
a1234-d572,3481,Забезпечення,a1234-d571,,1 відділення,1 відділення
a1234-d573,3490,Забезпечення,a1234-d571,,2 відділення,2 відділення
a1234-d574,3499,Забезпечення,a1234-d567,,2 взвод охорони,2 взводу охорони
a1234-d575,3502,Забезпечення,a1234-d574,,1 відділення охорони,1 відділення охорони
a1234-d576,3509,Забезпечення,a1234-d574,,2 відділення,2 відділення
a1234-d577,3516,Забезпечення,a1234-d574,,3 відділення,3 відділення
a1234-d578,3520,Забезпечення,a1234-d574,,4 відділення,4 відділення
a1234-d579,3524,Забезпечення,a1234-d553,,взвод забезпечення,взводу забезпечення
a1234-d580,3527,Забезпечення,a1234-d553,,автомобільне відділення,автомобільного відділення
a1234-d581,3534,Забезпечення,a1234-d553,,відділення технічного обслуговування автомобільної техніки,відділення технічного обслуговування автомобільної техніки
a1234-d582,3541,Забезпечення,a1234-d553,,відділення електрозабезпечення,відділення електрозабезпечення
a1234-d583,3545,Забезпечення,a1234-d553,,господарче відділення,господарчого відділення
a1234-d584,3552,Забезпечення,a1234-d553,,група фельдʼєгерсько-поштового зв'язку,групи фельдʼєгерсько-поштового зв'язку
a1234-d585,3556,Забезпечення,,ІТВ,інформаційно-телекомунікаційний вузол,інформаційно-телекомунікаційного вузол
a1234-d586,3563,Забезпечення,a1234-d585,,радіовідділення,радіовідділення
a1234-d587,3568,Забезпечення,a1234-d585,,відділення телекомунікацій,відділення телекомунікацій
a1234-d588,3573,Забезпечення,a1234-d585,,відділення спеціального зв'язку,відділення спеціального зв'язку
a1234-d589,3582,Забезпечення,,рРХБз,"рота радіаційного, хімічного, біологічного захисту","роти радіаційного, хімічного, біологічного захисту"
a1234-d590,3590,Забезпечення,a1234-d589,,"взвод радіаційної, хімічної, біологічної розвідки","взводу радіаційної, хімічної, біологічної розвідки"
a1234-d591,3592,Забезпечення,a1234-d590,,1 відділення,1 відділення
a1234-d592,3595,Забезпечення,a1234-d590,,2 відділення,2 відділення
a1234-d593,3599,Забезпечення,a1234-d590,,3 відділення,3 відділення
a1234-d594,3603,Забезпечення,a1234-d589,,вогнеметний взвод,вогнеметного взводу
a1234-d595,3605,Забезпечення,a1234-d594,,1 вогнеметне відділення,1 вогнеметне відділення
a1234-d596,3614,Забезпечення,a1234-d594,,2 вогнеметне відділення,2 вогнеметне відділення
a1234-d597,3623,Забезпечення,a1234-d594,,3 вогнеметне відділення,3 вогнеметне відділення
a1234-d598,3632,Забезпечення,a1234-d594,,4 вогнеметне відділення,4 вогнеметне відділення
a1234-d599,3641,Забезпечення,,ВУНА,взвод управління начальника артилерії,взводу управління начальника артилерії
a1234-d600,3652,Забезпечення,a1234-d599,,відділення безпілотних авіаційних комплексів,відділення безпілотних авіаційних комплексів
a1234-d601,3657,Забезпечення,,ВУНППО,взвод управління начальника ппо,взводу управління начальника ппо
a1234-d602,3660,Забезпечення,a1234-d601,,радіостанція,радіостанції
a1234-d603,3665,Забезпечення,a1234-d601,,відділення управління,відділення управління
a1234-d604,3675,Забезпечення,,ВРЕБ,взвод радіоелектронної боротьби,взводу радіоелектронної боротьби
a1234-d605,3677,Забезпечення,a1234-d604,,1 відділення радіоелектронної боротьби,1 відділення радіоелектронної боротьби
a1234-d606,3685,Забезпечення,a1234-d604,,2 відділення радіоелектронної боротьби,2 відділення радіоелектронної боротьби
a1234-d607,3689,Забезпечення,a1234-d604,,відділення пеленгування,відділення пеленгування
a1234-d608,3696,Забезпечення,,БатЛог,батальйон логістики,батальйону логістики
a1234-d609,3701,Забезпечення,a1234-d608,,штаб,штабу
a1234-d610,3705,Забезпечення,a1234-d608,,група персоналу,групи персоналу
a1234-d611,3708,Забезпечення,a1234-d608,,група планування,групи планування
a1234-d612,3711,Забезпечення,a1234-d608,,група логістики,групи логістики
a1234-d613,3715,Забезпечення,a1234-d608,,група зв’язку та інформаційних систем,групи зв’язку та інформаційних систем
a1234-d614,3718,Забезпечення,a1234-d608,,ремонтна рота,ремонтної роти
a1234-d615,3726,Забезпечення,a1234-d614,,ремонтний взвод бронетанкової техніки,ремонтного взводу бронетанкової техніки
a1234-d616,3728,Забезпечення,a1234-d615,,1 ремонтне відділення бронетанкової техніки,1 ремонтного відділення бронетанкової техніки
a1234-d617,3733,Забезпечення,a1234-d615,,2 ремонтне відділення бронетанкової техніки,2 ремонтного відділення бронетанкової техніки
a1234-d618,3738,Забезпечення,a1234-d615,,3 ремонтне відділення бронетанкової техніки,3 ремонтного відділення бронетанкової техніки
a1234-d619,3743,Забезпечення,a1234-d615,,відділення технічного обслуговування бронетанкової техніки,відділення технічного обслуговування бронетанкової техніки
a1234-d620,3749,Забезпечення,a1234-d614,,ремонтний взвод автомобільної техніки,ремонтного взводу автомобільної техніки
a1234-d621,3751,Забезпечення,a1234-d620,,1 рухома ремонтна майстерня,1 рухомої ремонтної майстерні
a1234-d622,3756,Забезпечення,a1234-d620,,2 рухома ремонтна майстерня,2 рухомої ремонтної майстерні
a1234-d623,3761,Забезпечення,a1234-d620,,відділення технічного обслуговування автомобільної техніки,відділення технічного обслуговування автомобільної техніки
a1234-d624,3769,Забезпечення,a1234-d614,,ремонтний взвод озброєння,ремонтного взводу озброєння
a1234-d625,3771,Забезпечення,a1234-d624,,ремонтна майстерня озброєння,ремонтної майстерні озброєння
a1234-d626,3777,Забезпечення,a1234-d624,,автомобільна лабораторія вимірювальної техніки,автомобільної лабораторії вимірювальної техніки
a1234-d627,3781,Забезпечення,a1234-d614,,взвод спеціальних робіт,взводу спеціальних робіт
a1234-d628,3783,Забезпечення,a1234-d627,,відділення слюсарно-механічних робіт,відділення слюсарно-механічних робіт
a1234-d629,3789,Забезпечення,a1234-d627,,відділення обслуговування акумуляторних батарей,відділення обслуговування акумуляторних батарей
a1234-d630,3795,Забезпечення,a1234-d627,,ремонтне відділення електрообладнання,ремонтного відділення електрообладнання
a1234-d631,3801,Забезпечення,a1234-d614,,евакуаційний взвод,евакуаційного взводу
a1234-d632,3803,Забезпечення,a1234-d631,,1 евакуаційне відділення,1 евакуаційного відділення
a1234-d633,3811,Забезпечення,a1234-d631,,2 евакуаційне відділення,2 евакуаційного відділення
a1234-d634,3820,Забезпечення,a1234-d631,,3 евакуаційне відділення,3 евакуаційного відділення
a1234-d635,3829,Забезпечення,a1234-d608,,автомобільна рота підвозу боєприпасів,автомобільної роти підвозу боєприпасів
a1234-d636,3837,Забезпечення,a1234-d635,,автомобільний взвод підвозу боєприпасів,автомобільного взводу підвозу боєприпасів
a1234-d637,3840,Забезпечення,a1234-d636,,1 автомобільне відділення,1 автомобільного відділення
a1234-d638,3851,Забезпечення,a1234-d636,,2 автомобільне відділення,2 автомобільного відділення
a1234-d639,3861,Забезпечення,a1234-d636,,3 автомобільне відділення,3 автомобільного відділення
a1234-d640,3871,Забезпечення,a1234-d635,,взвод забезпечення,взводу забезпечення
a1234-d641,3874,Забезпечення,a1234-d640,,господарче відділення,господарчого відділення
a1234-d642,3881,Забезпечення,a1234-d640,,такелажне відділення,такелажне відділення
a1234-d643,3891,Забезпечення,a1234-d640,,пожежна обслуга,пожежної обслуги
a1234-d644,3897,Забезпечення,a1234-d640,,польовий артилерійський склад,польового артилерійського складу
a1234-d645,3899,Забезпечення,a1234-d608,,автомобільна рота,автомобільної роти
a1234-d646,3907,Забезпечення,a1234-d645,,автомобільний взвод підвозу пального та мастильних матеріалів,автомобільного взводу підвозу пального та мастильних матеріалів
a1234-d647,3910,Забезпечення,a1234-d646,,1 відділення,1 відділення
a1234-d648,3921,Забезпечення,a1234-d646,,2 відділення,2 відділення
a1234-d649,3930,Забезпечення,a1234-d646,,3 відділення,3 відділення
a1234-d650,3939,Забезпечення,a1234-d645,,автомобільний взвод підвозу продовольства,автомобільного взводу підвозу продовольства
a1234-d651,3942,Забезпечення,a1234-d650,,1 автомобільне відділення,1 автомобільного відділення
a1234-d652,3951,Забезпечення,a1234-d650,,2 автомобільне відділення,2 автомобільного відділення
a1234-d653,3959,Забезпечення,a1234-d650,,3 автомобільне відділення,3 автомобільного відділення
a1234-d654,3966,Забезпечення,a1234-d645,,автомобільний взвод,автомобільного взводу
a1234-d655,3969,Забезпечення,a1234-d654,,1 відділення,1 відділення
a1234-d656,3977,Забезпечення,a1234-d654,,2 відділення,2 відділення
a1234-d657,3985,Забезпечення,a1234-d654,,3 відділення,3 відділення
a1234-d658,3993,Забезпечення,a1234-d608,,рота охорони,роти охорони
a1234-d659,4001,Забезпечення,a1234-d658,,взвод охорони,взводу охорони
a1234-d660,4004,Забезпечення,a1234-d659,,1 відділення охорони,1 відділення охорони
a1234-d661,4011,Забезпечення,a1234-d659,,2 відділення охорони,2 відділення охорони
a1234-d662,4018,Забезпечення,a1234-d659,,3 відділення охорони,3 відділення охорони
a1234-d663,4025,Забезпечення,a1234-d659,,4 відділення охорони,4 відділення охорони
a1234-d664,4032,Забезпечення,a1234-d658,,зенітний ракетно-артилерійський взвод,зенітного ракетно-артилерійського взводу
a1234-d665,4035,Забезпечення,a1234-d664,,1 зенітне ракетне відділення,1 зенітного ракетного відділення
a1234-d666,4040,Забезпечення,a1234-d664,,2 зенітне ракетне відділення,2 зенітного ракетного відділення
a1234-d667,4045,Забезпечення,a1234-d664,,зенітне артилерійське відділення,зенітного артилерійського відділення
a1234-d668,4050,Забезпечення,a1234-d658,,інженерно-позиційне відділення,Інженерно-позиційного відділення
a1234-d669,4062,Забезпечення,a1234-d608,,взвод зв'язку,взводу зв'язку
a1234-d670,4064,Забезпечення,a1234-d669,,апаратна,апаратна
a1234-d671,4072,Забезпечення,a1234-d669,,радіостанція,радіостанція
a1234-d672,4077,Забезпечення,a1234-d669,,відділення засобів радіозв’язку,відділення засобів радіозв’язку
a1234-d673,4082,Забезпечення,a1234-d669,,лінійно-кабельне відділення зв’язку,лінійно-кабельне відділення зв’язку
a1234-d674,4087,Забезпечення,a1234-d608,,взвод забезпечення,взводу забезпечення
a1234-d675,4089,Забезпечення,a1234-d674,,автомобільне відділення,автомобільного відділення
a1234-d676,4096,Забезпечення,a1234-d674,,їдальня,їдальні
a1234-d677,4117,Забезпечення,a1234-d674,,польова лазня,польової лазні
a1234-d678,4124,Забезпечення,a1234-d674,,ремонтна майстерня речового майна,ремонтної майстерні речового майна
a1234-d679,4129,Забезпечення,a1234-d674,,склади,складу
a1234-d680,4153,Забезпечення,a1234-d608,,взвод десантного забезпечення,взводу десантного забезпечення
a1234-d681,4156,Забезпечення,a1234-d680,,відділення десантного забезпечення,відділення десантного забезпечення
a1234-d682,4163,Забезпечення,a1234-d680,,ремонтна майстерня спеціальної техніки та парашутно-десантного майна,ремонтної майстерні спеціальної техніки та парашутно-десантного майна
a1234-d683,4169,Забезпечення,a1234-d680,,склади,складу
a1234-d684,4172,Забезпечення,a1234-d608,,медичний пункт,медичного пункту
a1234-d685,4179,Забезпечення,,КТП,контрольно-технічний пункт,контрольно-технічного пункту
a1234-d686,4181,Забезпечення,,МедР,медична рота,медичної роти
a1234-d687,4188,Забезпечення,a1234-d686,,приймально-сортувальне відділення,приймально-сортувального відділення
a1234-d688,4199,Забезпечення,a1234-d686,,операційно-перевʼязочне відділення,операційно-перевʼязочного відділення
a1234-d689,4212,Забезпечення,a1234-d686,,стоматологічний кабінет,стоматологічного кабінету
a1234-d690,4218,Забезпечення,a1234-d686,,госпітальне відділення,госпітального відділення
a1234-d691,4227,Забезпечення,a1234-d686,,відділення медичного постачання,відділення медичного постачання
a1234-d692,4232,Забезпечення,a1234-d686,,евакуаційне відділення,евакуаційного відділення
a1234-d693,4251,Забезпечення,,Клуб,клуб,клубу
a1234-d694,4255,Забезпечення,,ГКБС,група контролю бойового стресу,групи контролю бойового стресу
a1234-d695,4260,Забезпечення,,Оркестр,оркестр,оркестру
a1234-d696,4273,,,ПШ,в розпорядженні командира,в розпорядженні командира
